{
  "epoch": 19,
  "logloss": 0.23589067113679385,
  "auc": 0.756979364541686,
  "auprc": 0.2439386190064678,
  "calib_ratio_top10": 1.4300204515457153,
  "calib_ratio_top1": 1.4424395561218262
}