{
  "epoch": 7,
  "logloss": 0.2260025336506311,
  "auc": 0.7729004064388992,
  "auprc": 0.272182930347573,
  "calib_ratio_top10": 1.3407070636749268,
  "calib_ratio_top1": 1.2848222255706787
}